,Prob of G1x Using GNB,Prob of G3x Using GNB,Prob of G1y Using GNB,Prob of G3y Using GNB,Prob of G1x Using DTC,Prob of G3x Using DTC,Prob of G1y Using DTC,Prob of G3y Using DTC,Prob of G1x Using RF,Prob of G3x Using RF,Prob of G1y Using RF,Prob of G3y Using RF,Prob of G1x Using LSVM,Prob of G3x Using LSVM,Prob of G1y Using LSVM,Prob of G3y Using LSVM,Prob of G1x Using LG,Prob of G3x Using LG,Prob of G1y Using LG,Prob of G3y Using LG,Prob of G1x Using GB,Prob of G3x Using GB,Prob of G1y Using GB,Prob of G3y Using GB
0,0.1563,0.3578,0.0004,0.0,0.0,0.0,0.0,0.0,0.3,0.21,0.03,0.01,0.2349,0.341,0.0324,0.0125,0.2087,0.3475,0.0301,0.0116,0.1522,0.2103,0.0136,0.0046
1,0.1821,0.3547,0.2822,0.4112,0.0,0.0,0.0,0.0,0.05,0.12,0.06,0.03,0.2104,0.3036,0.1107,0.0796,0.1791,0.2573,0.1258,0.0783,0.0618,0.1073,0.0099,0.0064
2,0.1794,0.1967,0.0176,0.0205,0.0,0.0,0.0,0.0,0.33,0.48,0.0,0.0,0.262,0.315,0.1171,0.0418,0.2297,0.3037,0.0341,0.0237,0.1158,0.2293,0.0415,0.0091
3,0.2635,0.2354,0.0424,0.02,0.0,0.0,1.0,0.0,0.1275,0.18,0.12,0.01,0.2291,0.293,0.0723,0.0378,0.2025,0.2342,0.0349,0.0379,0.1317,0.1348,0.0337,0.0078
4,0.7185,0.4417,0.0938,0.0336,1.0,1.0,0.0,0.0,0.66,0.57,0.12,0.04,0.2318,0.2673,0.0875,0.0506,0.446,0.3335,0.0574,0.0222,0.6734,0.4098,0.0202,0.0092
5,0.3705,0.3616,0.1632,0.1266,1.0,1.0,0.0,0.0,0.41,0.34,0.01,0.02,0.2191,0.2671,0.091,0.0429,0.2405,0.2718,0.0632,0.0312,0.3001,0.2251,0.0143,0.0048
6,0.1015,0.1968,0.018,0.0233,0.0,0.0,0.0,0.0,0.26,0.38,0.01,0.01,0.2124,0.2767,0.0629,0.0283,0.1151,0.191,0.0285,0.0167,0.2307,0.1774,0.0116,0.0064
7,0.1595,0.2037,0.0592,0.0757,0.0,0.0,0.0,0.0,0.07,0.12,0.04,0.01,0.2735,0.3293,0.1041,0.0706,0.2371,0.3389,0.1116,0.0828,0.1616,0.2615,0.0609,0.05
8,0.1232,0.1836,0.0415,0.0343,1.0,1.0,0.0,0.0,0.158,0.49,0.06,0.0873,0.2635,0.2799,0.0932,0.0603,0.1643,0.2602,0.0713,0.048,0.1264,0.374,0.0315,0.0435
9,0.1236,0.2008,0.0317,0.0608,0.0,0.0,1.0,0.0,0.21,0.32,0.08,0.09,0.2766,0.2872,0.1223,0.1171,0.2,0.3004,0.0847,0.0685,0.1928,0.3668,0.0151,0.0512
10,0.1605,0.2392,0.231,0.1243,0.0,0.0,0.0,1.0,0.2,0.34,0.3,0.17,0.2718,0.2677,0.087,0.1038,0.1627,0.2357,0.1587,0.1205,0.1488,0.3451,0.0834,0.1321
11,0.7141,0.6347,0.1538,0.0333,1.0,1.0,0.0,0.0,0.47,0.44,0.0833,0.0157,0.2217,0.3394,0.0541,0.0384,0.4512,0.5088,0.0689,0.0207,0.4524,0.392,0.0495,0.0054
12,0.0964,0.2214,0.003,0.0032,0.0,1.0,0.0,0.0,0.4,0.48,0.01,0.0,0.2771,0.3522,0.0603,0.0305,0.1422,0.3085,0.0141,0.0062,0.2757,0.2748,0.0025,0.0092
13,0.3669,0.3085,0.1991,0.1554,0.0,1.0,0.0,0.0,0.23,0.2,0.05,0.02,0.2764,0.3031,0.1077,0.0958,0.3299,0.3575,0.2198,0.0791,0.4072,0.37,0.1997,0.0541
14,0.0658,0.1356,0.0403,0.0487,0.0,1.0,0.0,0.0,0.08,0.3717,0.05,0.0,0.258,0.3069,0.0894,0.0696,0.1114,0.2116,0.0696,0.0569,0.0915,0.3058,0.0399,0.0119
15,0.0994,0.1236,0.0203,0.0105,0.0,1.0,0.0,0.0,0.17,0.14,0.03,0.02,0.2471,0.2581,0.14,0.0312,0.151,0.19,0.044,0.024,0.0983,0.2259,0.0621,0.0317
16,0.4286,0.3881,0.1971,0.1658,0.0,0.0,0.0,0.0,0.31,0.3625,0.12,0.15,0.2563,0.3116,0.0998,0.135,0.326,0.3994,0.1613,0.1223,0.3117,0.2004,0.0457,0.0391
17,0.4611,0.3173,0.0182,0.0046,0.0,0.0,0.0,0.0,0.3,0.14,0.0,0.0,0.2379,0.328,0.0672,0.0276,0.3569,0.3673,0.0304,0.0094,0.3728,0.2983,0.0254,0.0029
18,0.2525,0.2076,0.3169,0.1653,0.0,0.0,0.0,0.0,0.22,0.24,0.18,0.05,0.2557,0.2813,0.0817,0.0751,0.2176,0.2378,0.2115,0.1016,0.1575,0.1932,0.2606,0.0697
19,0.0759,0.1914,0.0039,0.0074,0.0,0.0,0.0,0.0,0.18,0.3,0.01,0.0,0.2711,0.3225,0.1105,0.0508,0.2011,0.3469,0.0196,0.0325,0.1049,0.2342,0.0067,0.0043
20,0.1462,0.6906,0.0233,0.0,1.0,0.0,0.0,0.0,0.12,0.34,0.05,0.04,0.15,0.298,0.0341,0.0168,0.2236,0.3074,0.1079,0.0425,0.0597,0.5047,0.0097,0.0022
21,0.4484,0.4335,0.2446,0.1967,0.0,1.0,0.0,0.0,0.29,0.43,0.1,0.12,0.2917,0.3177,0.0942,0.1048,0.3753,0.4678,0.1179,0.1443,0.2757,0.2667,0.0576,0.0165
22,0.261,0.2464,0.0188,0.0104,1.0,0.0,0.0,0.0,0.27,0.25,0.01,0.01,0.2726,0.3227,0.0955,0.0369,0.3005,0.373,0.0402,0.0152,0.2721,0.3715,0.0256,0.0094
23,0.0669,0.1861,0.0151,0.0316,0.0,0.0,0.0,0.0,0.19,0.55,0.02,0.06,0.2785,0.3358,0.0665,0.0842,0.1285,0.2862,0.0458,0.0522,0.1653,0.4549,0.0044,0.0114
24,0.1135,0.2859,0.0,0.0,1.0,1.0,0.0,0.0,0.2,0.32,0.0,0.01,0.2279,0.2798,0.0183,0.0062,0.2134,0.3142,0.0095,0.0059,0.1888,0.3295,0.0076,0.0011
25,0.4162,0.3193,0.0451,0.0083,1.0,0.0,0.0,0.0,0.51,0.46,0.05,0.01,0.2601,0.2812,0.1527,0.0433,0.3768,0.3283,0.0757,0.0206,0.5841,0.3463,0.0338,0.0032
26,0.3041,0.6025,0.8042,0.8374,0.0,1.0,0.0,1.0,0.26,0.18,0.16,0.2,0.2262,0.3309,0.1593,0.2292,0.2376,0.3617,0.4082,0.3263,0.164,0.1779,0.1087,0.1003
27,0.1095,0.1409,0.0389,0.0591,0.0,0.0,0.0,0.0,0.12,0.13,0.03,0.04,0.2545,0.2882,0.2182,0.0786,0.174,0.2169,0.0838,0.063,0.0959,0.1583,0.0414,0.0878
28,0.1647,0.2513,0.0535,0.0242,0.0,0.0,0.0,0.0,0.08,0.17,0.11,0.03,0.2701,0.3115,0.0934,0.0793,0.2097,0.2981,0.1317,0.0486,0.1027,0.2742,0.1121,0.0326
29,0.2824,0.6524,0.3329,0.1563,0.0,0.0,0.0,0.0,0.26,0.37,0.15,0.05,0.2052,0.3584,0.1092,0.069,0.1861,0.3752,0.0507,0.0395,0.0665,0.2486,0.1703,0.0817
30,0.4627,0.6589,0.9184,0.9551,0.0,0.0,0.0,0.0,0.33,0.38,0.2479,0.2367,0.1909,0.2857,0.2256,0.1632,0.2961,0.3659,0.3397,0.3314,0.4894,0.5629,0.4873,0.2987
31,0.1448,0.1871,0.0025,0.0014,0.0,1.0,0.0,0.0,0.15,0.65,0.01,0.0,0.2681,0.3043,0.0729,0.028,0.2196,0.3006,0.0139,0.0047,0.2098,0.281,0.0021,0.0029
32,0.2649,0.3196,0.0275,0.0093,0.0,1.0,0.0,0.0,0.32,0.66,0.02,0.01,0.2491,0.3694,0.0474,0.045,0.225,0.349,0.044,0.0155,0.2422,0.3679,0.0233,0.0047
33,0.2012,0.1559,0.078,0.0686,0.0,0.0,0.0,0.0,0.26,0.22,0.01,0.01,0.2507,0.2851,0.1211,0.0678,0.1967,0.1951,0.0916,0.0337,0.1938,0.1441,0.0429,0.0075
34,0.0874,0.1216,0.0182,0.0094,0.0,0.0,0.0,0.0,0.148,0.2317,0.04,0.02,0.2492,0.2671,0.0537,0.0403,0.1239,0.1781,0.033,0.0265,0.2332,0.1411,0.0073,0.0038
35,0.2764,0.3119,0.0663,0.0303,0.0,1.0,0.0,1.0,0.24,0.43,0.09,0.09,0.2665,0.282,0.2053,0.0809,0.2936,0.36,0.0896,0.0591,0.1979,0.6392,0.0677,0.0231
36,0.2491,0.3026,0.0323,0.0013,0.0,1.0,1.0,0.0,0.57,0.34,0.16,0.04,0.252,0.2685,0.0768,0.0434,0.3688,0.303,0.0648,0.016,0.3944,0.3177,0.229,0.0044
37,0.2766,0.2728,0.0034,0.0005,0.0,0.0,0.0,0.0,0.29,0.23,0.02,0.0,0.243,0.3304,0.0383,0.0157,0.2644,0.3551,0.0103,0.0039,0.2104,0.4407,0.0023,0.0008
38,0.1009,0.3084,0.0009,0.0,0.0,0.0,0.0,0.0,0.13,0.27,0.06,0.04,0.2278,0.3298,0.0498,0.0317,0.2082,0.3251,0.0577,0.0567,0.0479,0.18,0.1236,0.0048
39,0.0772,0.487,0.0075,0.0,0.0,0.0,0.0,0.0,0.1275,0.255,0.14,0.16,0.1801,0.3407,0.0534,0.0382,0.1091,0.2765,0.0866,0.0727,0.2221,0.618,0.0256,0.0201
40,0.2325,0.3556,0.103,0.1342,0.0,0.0,0.0,0.0,0.18,0.23,0.13,0.12,0.2316,0.3004,0.1265,0.0455,0.2163,0.3211,0.052,0.1139,0.2097,0.2356,0.0927,0.015
41,0.2204,0.2472,0.0148,0.0005,0.0,0.0,0.0,0.0,0.27,0.33,0.01,0.03,0.2456,0.272,0.0942,0.013,0.3304,0.2674,0.0244,0.0062,0.2529,0.2416,0.0043,0.0012
42,0.076,0.1301,0.0183,0.0306,0.0,0.0,0.0,0.0,0.12,0.09,0.26,0.33,0.257,0.3324,0.1001,0.042,0.1217,0.21,0.0475,0.0324,0.1781,0.2548,0.1878,0.1382
43,0.4683,0.2839,0.1003,0.0307,0.0,0.0,0.0,1.0,0.17,0.07,0.14,0.21,0.222,0.298,0.1135,0.0426,0.327,0.2732,0.0832,0.0488,0.3398,0.1361,0.1172,0.0531
44,0.2912,0.3395,0.0337,0.0147,0.0,0.0,0.0,0.0,0.48,0.1,0.0,0.0,0.2325,0.3071,0.0978,0.028,0.264,0.3284,0.0334,0.0113,0.1185,0.1269,0.0142,0.0032
45,0.0868,0.1362,0.0053,0.006,0.0,0.0,0.0,0.0,0.065,0.08,0.0,0.0,0.261,0.3293,0.0618,0.036,0.1351,0.2297,0.0244,0.0103,0.1755,0.269,0.007,0.0079
46,0.3357,0.6616,0.5732,0.242,0.0,0.0,0.0,0.0,0.24,0.29,0.04,0.04,0.2261,0.3472,0.1577,0.066,0.2495,0.4151,0.1537,0.0847,0.1511,0.2819,0.0252,0.0157
47,0.417,0.285,0.0809,0.0577,0.0,1.0,0.0,0.0,0.38,0.2735,0.07,0.06,0.2362,0.3091,0.0928,0.0702,0.3266,0.3369,0.0844,0.0591,0.3181,0.2157,0.0271,0.0341
48,0.3222,0.3247,0.2251,0.2669,1.0,0.0,1.0,0.0,0.38,0.53,0.17,0.13,0.2808,0.2875,0.1214,0.1708,0.2904,0.3472,0.1496,0.1318,0.2935,0.5999,0.0334,0.1213
49,0.1663,0.4258,0.0001,0.0,0.0,1.0,0.0,0.0,0.28,0.37,0.02,0.0,0.2285,0.3445,0.0292,0.0062,0.2794,0.3833,0.0099,0.0062,0.155,0.576,0.0089,0.0008
50,0.0371,0.1156,0.0109,0.0088,1.0,1.0,0.0,0.0,0.38,0.51,0.23,0.16,0.2542,0.3044,0.1315,0.0336,0.097,0.1931,0.0318,0.0368,0.3082,0.2464,0.1568,0.2427
51,0.321,0.6672,0.7207,0.7616,0.0,0.0,1.0,0.0,0.28,0.39,0.3442,0.15,0.1929,0.2755,0.1675,0.1347,0.2361,0.3784,0.2325,0.1853,0.1834,0.4929,0.0664,0.0668
52,0.218,0.1889,0.1006,0.0475,0.0,0.0,0.0,0.0,0.17,0.19,0.2,0.06,0.2512,0.2683,0.2237,0.0867,0.2572,0.236,0.1473,0.0713,0.1359,0.1456,0.0599,0.0191
53,0.2491,0.2227,0.0351,0.013,0.0,1.0,0.0,0.0,0.16,0.39,0.01,0.01,0.2476,0.3065,0.0595,0.0295,0.224,0.2199,0.0349,0.0113,0.034,0.296,0.0252,0.0041
54,0.1134,0.5403,0.4103,0.3221,0.0,1.0,0.0,0.0,0.34,0.49,0.17,0.12,0.2039,0.3675,0.1101,0.1029,0.1088,0.3101,0.0878,0.1441,0.0841,0.1634,0.056,0.0467
55,0.538,0.3045,0.3233,0.0625,0.0,0.0,0.0,0.0,0.32,0.24,0.08,0.04,0.2236,0.2844,0.0934,0.082,0.3198,0.2402,0.2139,0.051,0.2521,0.0808,0.0971,0.0638
56,0.104,0.2139,0.0349,0.0017,1.0,1.0,0.0,0.0,0.35,0.34,0.07,0.04,0.2629,0.3462,0.0501,0.0261,0.2093,0.265,0.0557,0.0105,0.4094,0.3755,0.0812,0.0046
57,0.2014,0.1931,0.0108,0.0067,0.0,0.0,0.0,0.0,0.21,0.24,0.0,0.0,0.261,0.3218,0.0955,0.0268,0.2428,0.2995,0.0273,0.0104,0.3189,0.2784,0.0209,0.0059
58,0.4069,0.716,0.6553,0.467,1.0,1.0,1.0,0.0,0.4,0.43,0.2292,0.23,0.2294,0.2992,0.1475,0.1222,0.2817,0.4386,0.1915,0.1975,0.4419,0.6946,0.3665,0.0478
59,0.1559,0.2557,0.0292,0.0395,1.0,0.0,0.0,0.0,0.17,0.28,0.01,0.01,0.2844,0.3436,0.1014,0.0689,0.2066,0.3612,0.0476,0.0374,0.2708,0.3532,0.013,0.0149
60,0.5389,0.4398,0.1294,0.0289,0.0,1.0,0.0,0.0,0.35,0.31,0.05,0.01,0.1992,0.2725,0.0919,0.027,0.3163,0.2967,0.0574,0.0274,0.4062,0.3569,0.0901,0.0208
61,0.2962,0.3677,0.0091,0.0071,1.0,1.0,0.0,0.0,0.49,0.55,0.02,0.01,0.2857,0.3115,0.0863,0.0497,0.3715,0.4217,0.0345,0.0184,0.392,0.6053,0.017,0.0088
62,0.0623,0.1212,0.0052,0.0046,1.0,0.0,0.0,0.0,0.31,0.17,0.07,0.04,0.2361,0.2901,0.0934,0.0201,0.0946,0.155,0.0203,0.0146,0.2133,0.1015,0.0235,0.0368
63,0.2322,0.3031,0.0297,0.01,1.0,0.0,0.0,0.0,0.29,0.24,0.0,0.0,0.2174,0.2842,0.0904,0.0147,0.1869,0.2497,0.0215,0.0104,0.1761,0.1575,0.0076,0.0023
64,0.1344,0.2627,0.1474,0.1555,1.0,1.0,0.0,0.0,0.21,0.34,0.12,0.09,0.284,0.3231,0.1268,0.1165,0.2401,0.3691,0.2198,0.1746,0.0431,0.2469,0.2542,0.1138
65,0.0739,0.2119,0.0001,0.0,0.0,0.0,1.0,1.0,0.06,0.06,0.07,0.03,0.2166,0.2847,0.0324,0.0085,0.1751,0.2663,0.0176,0.0181,0.1175,0.1575,0.0048,0.0443
66,0.255,0.3149,0.0398,0.0008,0.0,1.0,0.0,0.0,0.24,0.35,0.05,0.0,0.2596,0.3123,0.0826,0.0306,0.3988,0.3546,0.0734,0.0089,0.2069,0.4005,0.016,0.0009
67,0.16,0.1593,0.0545,0.1188,0.0,1.0,0.0,0.0,0.28,0.29,0.09,0.03,0.2473,0.292,0.1473,0.0604,0.1923,0.2201,0.0814,0.0687,0.1148,0.1682,0.0879,0.0574
68,0.1439,0.2415,0.0078,0.0006,0.0,1.0,1.0,0.0,0.11,0.19,0.02,0.0,0.2592,0.3113,0.0888,0.0173,0.1778,0.2545,0.0168,0.0029,0.1566,0.3552,0.0577,0.0055
69,0.2588,0.2097,0.0903,0.0674,0.0,0.0,0.0,0.0,0.13,0.2128,0.18,0.0258,0.2668,0.2971,0.1192,0.0709,0.2916,0.3122,0.1417,0.0566,0.2469,0.2049,0.1971,0.0415
70,0.1248,0.2981,0.0038,0.0012,0.0,0.0,0.0,0.0,0.23,0.37,0.09,0.0,0.2527,0.391,0.0557,0.0268,0.1799,0.3664,0.0116,0.0086,0.0901,0.2656,0.0331,0.0073
71,0.3356,0.7135,0.5936,0.4529,0.0,1.0,0.0,0.0,0.19,0.34,0.07,0.09,0.1958,0.3565,0.1108,0.0849,0.2236,0.4026,0.1582,0.0595,0.1017,0.5549,0.0224,0.0029
72,0.2566,0.7218,0.5216,0.4264,0.0,0.0,0.0,0.0,0.18,0.4,0.03,0.03,0.2055,0.3677,0.0938,0.0495,0.1835,0.4529,0.0713,0.064,0.2083,0.4025,0.0179,0.0131
73,0.2363,0.3836,0.0421,0.0531,0.0,0.0,0.0,0.0,0.13,0.25,0.07,0.03,0.2837,0.3333,0.0894,0.0691,0.2175,0.3912,0.0471,0.0256,0.0221,0.261,0.009,0.0025
74,0.1782,0.7212,0.0031,0.0,1.0,0.0,0.0,0.0,0.19,0.3,0.08,0.12,0.1692,0.3137,0.0417,0.0253,0.2122,0.4374,0.0316,0.0255,0.1801,0.2447,0.0204,0.0054
75,0.3479,0.5831,0.1538,0.1183,1.0,1.0,0.0,0.0,0.3,0.41,0.03,0.0,0.261,0.3623,0.0701,0.058,0.2529,0.4639,0.0818,0.0309,0.4486,0.7762,0.0126,0.002
76,0.5157,0.4074,0.0794,0.023,0.0,1.0,1.0,0.0,0.42,0.43,0.09,0.04,0.2291,0.306,0.1223,0.0523,0.3492,0.3263,0.0752,0.0421,0.395,0.2659,0.0251,0.0039
77,0.1334,0.2481,0.0042,0.0042,0.0,0.0,0.0,0.0,0.16,0.29,0.0,0.0,0.2845,0.3425,0.0592,0.0386,0.2025,0.3729,0.0179,0.0101,0.1962,0.3314,0.0009,0.0046
78,0.1128,0.1679,0.0079,0.0067,1.0,0.0,0.0,0.0,0.36,0.28,0.02,0.0,0.2463,0.3055,0.0954,0.0189,0.1438,0.2206,0.0138,0.0142,0.2291,0.2823,0.0172,0.0045
79,0.2362,0.3586,0.4042,0.4852,0.0,1.0,0.0,0.0,0.3,0.43,0.19,0.18,0.2918,0.2871,0.1543,0.2813,0.3061,0.3941,0.2852,0.4166,0.0531,0.2341,0.1475,0.193
80,0.0911,0.2685,0.0001,0.0,1.0,0.0,0.0,0.0,0.2,0.29,0.0,0.0,0.2327,0.3089,0.0492,0.0123,0.2054,0.3357,0.0209,0.0082,0.1434,0.2741,0.0091,0.005
81,0.3124,0.5703,0.484,0.5883,1.0,1.0,0.0,0.0,0.23,0.31,0.1263,0.06,0.2319,0.3565,0.1466,0.1073,0.2442,0.4058,0.1217,0.0786,0.3644,0.3593,0.1242,0.1025
82,0.2239,0.2304,0.0712,0.0809,0.0,0.0,0.0,0.0,0.13,0.31,0.04,0.03,0.2287,0.2921,0.1185,0.0754,0.2024,0.2721,0.0866,0.0793,0.1455,0.3935,0.0561,0.0344
83,0.0945,0.1514,0.003,0.0004,1.0,0.0,0.0,0.0,0.24,0.37,0.01,0.0,0.2454,0.2988,0.0437,0.0119,0.1465,0.2054,0.011,0.0033,0.1014,0.2073,0.0107,0.0038
84,0.1003,0.2114,0.0014,0.0011,0.0,1.0,0.0,0.0,0.2,0.11,0.01,0.0,0.2798,0.3091,0.0705,0.0314,0.196,0.3439,0.009,0.0076,0.1316,0.2699,0.0016,0.0035
85,0.2197,0.2115,0.0135,0.0117,0.0,0.0,0.0,0.0,0.26,0.29,0.0,0.0,0.2647,0.2731,0.0742,0.0422,0.2348,0.2918,0.0184,0.0233,0.1579,0.1978,0.0037,0.0024
86,0.1661,0.1562,0.0236,0.0213,0.0,0.0,0.0,0.0,0.17,0.16,0.08,0.05,0.2403,0.2764,0.0841,0.0387,0.1591,0.1647,0.0616,0.0217,0.0936,0.226,0.0101,0.0173
87,0.0888,0.1876,0.0238,0.0142,0.0,1.0,0.0,0.0,0.26,0.31,0.06,0.03,0.209,0.275,0.1001,0.0172,0.0879,0.1478,0.0215,0.0122,0.2816,0.3152,0.0753,0.0296
88,0.5437,0.3777,0.0331,0.0062,1.0,1.0,0.0,0.0,0.62,0.46,0.06,0.005,0.2255,0.2789,0.0709,0.019,0.3322,0.3132,0.0301,0.0141,0.5834,0.3225,0.0233,0.0035
89,0.107,0.2,0.0036,0.0043,0.0,0.0,0.0,0.0,0.43,0.41,0.05,0.02,0.2584,0.3473,0.0784,0.0189,0.1419,0.2503,0.0108,0.0094,0.279,0.3479,0.0217,0.0203
90,0.1523,0.2639,0.0024,0.0,0.0,0.0,0.0,0.0,0.11,0.17,0.21,0.06,0.2157,0.3175,0.0367,0.0255,0.2076,0.2629,0.1236,0.0311,0.1022,0.1886,0.0686,0.006
91,0.1196,0.2329,0.001,0.0,0.0,0.0,0.0,0.0,0.09,0.18,0.14,0.01,0.2151,0.322,0.044,0.0229,0.1902,0.2576,0.0878,0.0407,0.0778,0.1218,0.0483,0.0112
92,0.2979,0.4834,0.6491,0.6421,0.0,0.0,0.0,0.0,0.03,0.06,0.04,0.06,0.2177,0.3485,0.1613,0.1011,0.2528,0.3469,0.2581,0.1275,0.1313,0.0884,0.0312,0.0198
93,0.2103,0.1781,0.06,0.0676,0.0,0.0,0.0,0.0,0.17,0.18,0.07,0.04,0.2473,0.3025,0.1071,0.0438,0.2215,0.228,0.0964,0.0457,0.1425,0.1892,0.1782,0.0392
94,0.1202,0.1761,0.0168,0.0108,0.0,1.0,0.0,0.0,0.3,0.41,0.01,0.01,0.2556,0.2868,0.1614,0.0341,0.1739,0.261,0.0297,0.0303,0.0787,0.2199,0.0244,0.0088
95,0.2044,0.3441,0.0809,0.0554,1.0,1.0,0.0,0.0,0.46,0.49,0.17,0.19,0.2878,0.3078,0.0857,0.0845,0.3005,0.4246,0.1414,0.1522,0.2173,0.4104,0.2054,0.0739
96,0.1443,0.1972,0.0076,0.0082,0.0,0.0,0.0,0.0,0.12,0.3,0.0,0.0,0.265,0.3423,0.1055,0.0279,0.2104,0.3174,0.0233,0.0141,0.1647,0.2171,0.0165,0.0128
97,0.0732,0.2056,0.0,0.0,0.0,0.0,0.0,0.0,0.09,0.11,0.03,0.01,0.2099,0.2992,0.0301,0.0079,0.1349,0.2175,0.008,0.0043,0.1667,0.2652,0.0017,0.0028
98,0.1322,0.3617,0.0014,0.0,0.0,0.0,0.0,0.0,0.15,0.2,0.01,0.0,0.2275,0.3153,0.0252,0.0189,0.3275,0.3672,0.1212,0.017,0.1555,0.2296,0.0365,0.0037
99,0.2862,0.4902,0.0788,0.053,0.0,1.0,0.0,0.0,0.17,0.31,0.12,0.11,0.179,0.3037,0.1271,0.0298,0.1685,0.2431,0.0223,0.01,0.1876,0.3852,0.0443,0.0535
100,0.0718,0.1403,0.0032,0.0024,0.0,0.0,0.0,0.0,0.16,0.3233,0.03,0.02,0.263,0.3115,0.0612,0.0357,0.1255,0.2164,0.0172,0.0081,0.1857,0.4674,0.0084,0.0079
101,0.1389,0.1332,0.0509,0.0424,0.0,0.0,0.0,0.0,0.15,0.11,0.05,0.0,0.2343,0.2751,0.1059,0.0327,0.1228,0.1429,0.0478,0.0262,0.2653,0.1642,0.0375,0.0086
102,0.0759,0.2495,0.0001,0.0,0.0,0.0,0.0,0.0,0.16,0.35,0.06,0.01,0.2105,0.277,0.0395,0.0074,0.162,0.2631,0.012,0.0064,0.0436,0.2382,0.0268,0.0066
103,0.267,0.2879,0.0174,0.0175,0.0,1.0,0.0,0.0,0.26,0.31,0.05,0.0,0.2777,0.3089,0.0648,0.0604,0.3066,0.4025,0.0388,0.0321,0.1687,0.2447,0.0126,0.0115
104,0.4828,0.4119,0.0536,0.0028,0.0,1.0,1.0,0.0,0.28,0.36,0.09,0.0,0.2537,0.3532,0.0638,0.0551,0.3636,0.4454,0.0452,0.0091,0.3544,0.5171,0.3326,0.0031
105,0.1918,0.332,0.0639,0.0195,0.0,0.0,0.0,0.0,0.31,0.4,0.06,0.01,0.2262,0.3062,0.1313,0.0433,0.1747,0.2874,0.048,0.0173,0.1662,0.384,0.0298,0.0087
106,0.4478,0.7088,0.7538,0.8764,1.0,1.0,1.0,1.0,0.33,0.51,0.2363,0.38,0.2438,0.3638,0.1368,0.1703,0.3378,0.5208,0.2401,0.2734,0.2877,0.5113,0.1185,0.3534
107,0.1878,0.2329,0.0523,0.0491,0.0,1.0,0.0,0.0,0.01,0.36,0.0,0.01,0.2717,0.3465,0.0922,0.0601,0.2197,0.3217,0.0928,0.0318,0.1625,0.3126,0.0485,0.0221
108,0.547,0.5083,0.6005,0.4366,0.0,1.0,1.0,0.0,0.34,0.52,0.19,0.15,0.2179,0.329,0.0671,0.1316,0.3089,0.3823,0.2086,0.0957,0.5294,0.5328,0.038,0.04
109,0.3682,0.3151,0.0147,0.006,1.0,0.0,0.0,0.0,0.21,0.15,0.01,0.0,0.2444,0.3349,0.068,0.0322,0.3201,0.3843,0.0273,0.015,0.2297,0.3121,0.0076,0.0022
110,0.141,0.2786,0.0001,0.0,1.0,1.0,0.0,0.0,0.4,0.4,0.03,0.0,0.1872,0.3155,0.0434,0.0091,0.1705,0.2304,0.0169,0.0062,0.2315,0.245,0.0212,0.0201
111,0.077,0.3797,0.0002,0.0,0.0,0.0,0.0,0.0,0.22,0.33,0.0,0.0,0.1974,0.3164,0.0276,0.0083,0.1407,0.3314,0.0144,0.0095,0.1882,0.57,0.0083,0.0031
112,0.0607,0.2151,0.0265,0.021,1.0,1.0,0.0,0.0,0.47,0.46,0.05,0.02,0.2159,0.2896,0.1568,0.0259,0.0989,0.1885,0.0303,0.0317,0.4289,0.3475,0.0921,0.1208
113,0.1437,0.2087,0.0613,0.0256,1.0,1.0,1.0,0.0,0.33,0.29,0.09,0.17,0.2625,0.2424,0.0777,0.0869,0.1837,0.2332,0.0638,0.0419,0.2043,0.3991,0.0248,0.0504
114,0.1367,0.2704,0.0008,0.0,1.0,0.0,0.0,0.0,0.22,0.18,0.04,0.03,0.2007,0.2706,0.0614,0.0143,0.2027,0.2317,0.0848,0.0275,0.169,0.081,0.031,0.0126
115,0.422,0.5368,0.2203,0.2091,0.0,0.0,0.0,0.0,0.36,0.41,0.11,0.07,0.2555,0.3205,0.09,0.0748,0.305,0.464,0.0848,0.052,0.383,0.5365,0.0317,0.0582
116,0.0319,0.1294,0.0114,0.0074,0.0,0.0,0.0,0.0,0.18,0.3,0.2,0.22,0.2569,0.3281,0.0952,0.0317,0.0886,0.2052,0.0311,0.0452,0.3157,0.3741,0.228,0.2491
117,0.1044,0.1412,0.0259,0.0556,1.0,1.0,0.0,0.0,0.49,0.57,0.01,0.02,0.2554,0.3103,0.1796,0.0677,0.1557,0.2152,0.0585,0.0463,0.2306,0.2683,0.0967,0.0579
118,0.1369,0.2461,0.0309,0.0225,0.5,1.0,1.0,1.0,0.3708,0.5867,0.11,0.15,0.2275,0.331,0.0778,0.031,0.1405,0.2411,0.0325,0.0164,0.3456,0.5205,0.0933,0.0259
119,0.0875,0.2653,0.0001,0.0,0.0,0.0,0.0,0.0,0.3,0.41,0.02,0.0,0.2037,0.2787,0.022,0.0069,0.1559,0.2092,0.021,0.0029,0.2354,0.2611,0.0464,0.0062
120,0.1565,0.2302,0.0229,0.0173,0.0,0.0,1.0,0.0,0.06,0.23,0.1,0.0,0.267,0.2777,0.0931,0.0443,0.1989,0.3028,0.0407,0.0403,0.1374,0.164,0.0271,0.0141
121,0.138,0.2307,0.1803,0.3095,1.0,1.0,0.0,0.0,0.33,0.46,0.08,0.04,0.2788,0.3298,0.0941,0.1564,0.1672,0.2897,0.1426,0.1552,0.2093,0.3566,0.0362,0.0451
122,0.1405,0.2015,0.0743,0.1038,1.0,1.0,0.0,0.0,0.41,0.4,0.08,0.06,0.2674,0.3462,0.104,0.0789,0.158,0.2601,0.1,0.0459,0.3054,0.3669,0.0591,0.0301
123,0.6825,0.7416,0.9468,0.9671,1.0,1.0,1.0,1.0,0.87,0.59,0.5585,0.64,0.2375,0.3077,0.1528,0.2546,0.4102,0.476,0.3974,0.3349,0.8705,0.8242,0.6743,0.9498
124,0.3048,0.2139,0.0384,0.0187,0.0,0.0,0.0,0.0,0.35,0.16,0.02,0.0,0.229,0.2989,0.079,0.0548,0.2368,0.2374,0.0459,0.0171,0.2601,0.2323,0.0153,0.016
125,0.1316,0.1655,0.0247,0.0288,0.0,0.0,0.0,0.0,0.17,0.18,0.0,0.01,0.2413,0.2937,0.1024,0.0347,0.1325,0.1815,0.0362,0.0211,0.0928,0.2505,0.0161,0.0085
126,0.211,0.2053,0.0219,0.0086,0.0,1.0,0.0,0.0,0.27,0.43,0.02,0.0,0.247,0.3109,0.0615,0.0259,0.2055,0.2153,0.0254,0.0085,0.1247,0.2992,0.0452,0.0048
127,0.1539,0.2062,0.014,0.0073,0.0,0.0,0.0,0.0,0.2,0.28,0.06,0.04,0.2582,0.2977,0.2147,0.0492,0.2126,0.2643,0.0347,0.0204,0.1213,0.2559,0.0356,0.0244
128,0.341,0.4114,0.0274,0.0055,0.0,0.0,0.0,0.0,0.18,0.34,0.05,0.0,0.23,0.306,0.0737,0.0275,0.3022,0.3683,0.0368,0.0117,0.1102,0.3935,0.0474,0.0017
129,0.2766,0.2157,0.2037,0.2639,0.0,0.0,0.0,0.5,0.22,0.17,0.24,0.0377,0.26,0.2844,0.1385,0.0997,0.2842,0.2931,0.2033,0.1622,0.4586,0.2717,0.4199,0.1854
130,0.2991,0.2996,0.0157,0.0115,0.0,0.0,0.0,0.0,0.25,0.15,0.09,0.1075,0.2343,0.2988,0.0515,0.0425,0.2574,0.3079,0.0357,0.0356,0.3315,0.0941,0.0137,0.0253
131,0.324,0.2674,0.0082,0.0014,1.0,0.0,0.0,0.0,0.28,0.21,0.06,0.02,0.2291,0.3529,0.0826,0.0175,0.2383,0.2878,0.0125,0.005,0.3599,0.2474,0.024,0.0119
132,0.0796,0.1358,0.0103,0.0171,0.0,0.0,0.0,0.0,0.0333,0.2,0.02,0.0,0.2592,0.2973,0.0706,0.0576,0.147,0.2342,0.0344,0.0391,0.0705,0.2747,0.0122,0.0063
133,0.203,0.3604,0.0002,0.0,1.0,1.0,0.0,0.0,0.54,0.48,0.03,0.0,0.2298,0.313,0.0331,0.0101,0.3046,0.4099,0.0245,0.0122,0.2737,0.2848,0.0178,0.0039
134,0.1748,0.2099,0.0134,0.01,0.0,0.0,0.0,0.0,0.15,0.34,0.03,0.05,0.2549,0.306,0.116,0.0593,0.1879,0.2444,0.0274,0.0173,0.2152,0.2204,0.0121,0.0094
135,0.1578,0.3929,0.7581,0.838,0.0,0.0,1.0,0.0,0.06,0.14,0.22,0.14,0.2157,0.3079,0.1939,0.1347,0.1558,0.2763,0.2737,0.3312,0.051,0.102,0.0756,0.1929
136,0.1489,0.1886,0.0059,0.0052,0.0,1.0,0.0,0.0,0.24,0.47,0.01,0.0,0.2695,0.2853,0.0953,0.0503,0.2266,0.3025,0.022,0.0128,0.1536,0.3785,0.0065,0.0089
137,0.2388,0.4929,0.7344,0.8701,0.0,1.0,0.0,0.0,0.24,0.31,0.25,0.16,0.2284,0.3466,0.1492,0.1711,0.2014,0.3449,0.2607,0.2157,0.2525,0.2443,0.0366,0.0876
138,0.1344,0.2414,0.0069,0.0029,1.0,0.0,0.0,0.0,0.45,0.29,0.0,0.0,0.2778,0.3378,0.1051,0.0244,0.1711,0.3042,0.0162,0.0074,0.3171,0.3044,0.0323,0.0259
139,0.1229,0.1688,0.006,0.0042,0.0,1.0,0.0,0.0,0.1033,0.3483,0.02,0.0,0.2303,0.3235,0.0454,0.0406,0.1461,0.2288,0.0191,0.0143,0.1479,0.2192,0.0041,0.0068
140,0.4084,0.4087,0.0595,0.0337,0.0,1.0,0.0,0.0,0.44,0.49,0.07,0.0207,0.2881,0.3341,0.0726,0.0552,0.3684,0.4689,0.0722,0.0325,0.2572,0.2392,0.0431,0.013
141,0.2073,0.3355,0.043,0.0262,0.0,1.0,0.0,0.0,0.11,0.42,0.03,0.02,0.241,0.3338,0.0906,0.0357,0.192,0.3258,0.0395,0.0159,0.0714,0.1576,0.0156,0.0151
142,0.1112,0.1718,0.0103,0.001,0.0,0.0,0.0,0.0,0.03,0.19,0.0,0.0,0.2583,0.2791,0.0712,0.0197,0.1786,0.2335,0.0217,0.0064,0.0417,0.1279,0.0079,0.002
143,0.1016,0.1262,0.0263,0.0137,0.0,0.0,0.0,0.0,0.07,0.0883,0.01,0.01,0.2491,0.2907,0.0916,0.0296,0.1471,0.2048,0.0488,0.0289,0.2589,0.1921,0.044,0.0161
144,0.5911,0.3677,0.5421,0.1499,1.0,0.0,1.0,0.0,0.6,0.3175,0.25,0.06,0.2645,0.2622,0.1501,0.1032,0.4332,0.3353,0.3297,0.1476,0.809,0.444,0.274,0.0381
145,0.0815,0.1484,0.0029,0.0011,0.0,0.0,0.0,0.0,0.1,0.26,0.0,0.02,0.2552,0.2755,0.1,0.026,0.137,0.2205,0.0115,0.0063,0.0834,0.2069,0.0025,0.0076
146,0.0568,0.1526,0.0194,0.0253,0.0,0.0,0.0,0.0,0.11,0.16,0.04,0.13,0.2694,0.3081,0.1272,0.0607,0.1557,0.2725,0.0571,0.0829,0.0539,0.226,0.0345,0.0679
147,0.3827,0.7457,0.4413,0.3105,0.0,0.0,0.0,0.0,0.36,0.45,0.03,0.04,0.1825,0.3637,0.0662,0.0599,0.2236,0.4528,0.0741,0.0561,0.3563,0.7629,0.0047,0.0023
148,0.2231,0.2537,0.0445,0.039,0.0,0.0,0.0,0.0,0.18,0.31,0.13,0.04,0.2747,0.3135,0.0633,0.0704,0.2624,0.3471,0.1036,0.0406,0.1642,0.2814,0.0709,0.0215
149,0.293,0.313,0.2164,0.2395,0.0,0.0,0.0,0.0,0.26,0.28,0.06,0.05,0.23,0.2711,0.1639,0.0826,0.2637,0.3018,0.13,0.0951,0.5036,0.3288,0.1219,0.1099
150,0.7013,0.8296,0.9281,0.9173,1.0,1.0,0.5,1.0,0.75,0.61,0.3282,0.57,0.2034,0.34,0.1585,0.1319,0.4335,0.5432,0.3074,0.236,0.6294,0.6439,0.3421,0.6045
151,0.3023,0.6888,0.0011,0.0,0.0,0.0,0.0,0.0,0.19,0.23,0.03,0.0,0.2496,0.3441,0.0263,0.0201,0.259,0.4849,0.0539,0.0118,0.0533,0.1061,0.0125,0.0004
152,0.1524,0.2664,0.0115,0.002,0.0,0.0,0.0,0.0,0.24,0.33,0.01,0.03,0.2613,0.3227,0.0739,0.0316,0.1651,0.2781,0.0249,0.0092,0.1335,0.5384,0.0149,0.0075
153,0.0763,0.1738,0.0012,0.0013,0.0,0.0,0.0,0.0,0.1233,0.24,0.04,0.0,0.2686,0.3372,0.0553,0.0219,0.1525,0.297,0.0077,0.0073,0.1516,0.2089,0.0011,0.0025
154,0.0972,0.1424,0.0106,0.0211,1.0,0.0,0.0,1.0,0.39,0.48,0.3,0.15,0.2493,0.3027,0.1398,0.036,0.1357,0.1869,0.0306,0.0218,0.2683,0.2117,0.1181,0.1787
155,0.2593,0.3497,0.0349,0.0062,0.0,0.0,1.0,0.0,0.22,0.2325,0.07,0.0083,0.2768,0.2911,0.0638,0.0456,0.2842,0.3725,0.0477,0.0161,0.1016,0.2405,0.0277,0.0091
156,0.1438,0.186,0.0114,0.0143,0.0,0.0,0.0,0.0,0.1,0.14,0.01,0.0,0.2623,0.3187,0.1494,0.0462,0.1939,0.2676,0.0272,0.0195,0.2213,0.325,0.0536,0.0222
157,0.1068,0.2212,0.0054,0.0041,0.0,1.0,0.0,0.0,0.05,0.68,0.0,0.01,0.2759,0.3689,0.0676,0.028,0.1596,0.3219,0.0161,0.0108,0.2435,0.3419,0.0369,0.016
158,0.466,0.3772,0.0889,0.0234,1.0,1.0,0.0,0.0,0.37,0.4947,0.18,0.03,0.2709,0.2862,0.1879,0.0778,0.4207,0.3982,0.104,0.0443,0.5584,0.6531,0.2957,0.0214
159,0.2024,0.3511,0.097,0.0115,1.0,1.0,0.0,0.0,0.47,0.46,0.07,0.04,0.2772,0.3293,0.0609,0.0608,0.3079,0.3603,0.1203,0.0212,0.6816,0.7808,0.007,0.0009
160,0.3868,0.3931,0.0187,0.0031,1.0,0.0,0.0,0.0,0.23,0.26,0.02,0.03,0.2533,0.373,0.0576,0.0246,0.2752,0.3948,0.0244,0.0081,0.1212,0.2851,0.0212,0.0056
161,0.0814,0.2196,0.0006,0.0,0.0,1.0,0.0,0.0,0.2,0.22,0.08,0.04,0.2151,0.2934,0.0502,0.0348,0.1562,0.2272,0.0662,0.0163,0.0997,0.3812,0.0068,0.0047
162,0.0773,0.1288,0.0553,0.0319,1.0,1.0,0.0,0.0,0.08,0.16,0.21,0.07,0.2482,0.2973,0.0788,0.045,0.1043,0.1692,0.0651,0.0608,0.0448,0.1632,0.1568,0.0509
163,0.1272,0.2474,0.0208,0.0077,1.0,1.0,0.0,1.0,0.33,0.635,0.17,0.06,0.2156,0.304,0.0781,0.0214,0.1413,0.1924,0.0227,0.0085,0.2252,0.637,0.6255,0.0256
164,0.4845,0.3846,0.014,0.002,0.0,0.0,0.0,0.0,0.12,0.28,0.0,0.0,0.2366,0.2749,0.0784,0.02,0.3297,0.3574,0.0164,0.0092,0.2696,0.4792,0.0037,0.0008
165,0.3107,0.2596,0.0104,0.0103,0.0,0.0,0.0,0.0,0.11,0.23,0.04,0.02,0.2572,0.2882,0.1331,0.0252,0.2961,0.3137,0.0218,0.0122,0.217,0.3517,0.0215,0.0345
166,0.2652,0.2597,0.0158,0.013,1.0,1.0,0.0,0.0,0.35,0.46,0.01,0.0,0.2724,0.2863,0.0893,0.0622,0.3045,0.3462,0.0417,0.0228,0.3635,0.475,0.0389,0.0128
167,0.3744,0.4006,0.0515,0.0172,1.0,1.0,0.0,0.0,0.32,0.53,0.22,0.09,0.2777,0.3008,0.0945,0.0764,0.3425,0.4105,0.0812,0.0353,0.327,0.6169,0.3551,0.0458
168,0.2875,0.2992,0.1736,0.1434,0.0,1.0,0.0,0.0,0.24,0.365,0.06,0.04,0.2683,0.3114,0.2085,0.1178,0.3147,0.3684,0.2054,0.1609,0.1634,0.4589,0.1,0.0565
169,0.646,0.6983,0.8891,0.8461,0.0,1.0,0.0,0.0,0.29,0.37,0.22,0.25,0.2051,0.3518,0.0932,0.1677,0.362,0.4362,0.3211,0.1544,0.3261,0.3681,0.3081,0.1022
170,0.1606,0.1877,0.0047,0.0008,0.0,0.0,1.0,0.0,0.08,0.18,0.04,0.01,0.2504,0.3117,0.1087,0.0182,0.2145,0.235,0.0155,0.0028,0.1956,0.289,0.0684,0.006
171,0.3883,0.4194,0.0495,0.0158,0.0,0.0,0.0,0.0,0.2,0.2,0.0,0.01,0.2141,0.3492,0.0643,0.0368,0.2612,0.3749,0.0306,0.0112,0.4161,0.3331,0.0169,0.0075
172,0.066,0.1016,0.0112,0.008,0.0,0.0,0.0,0.0,0.1,0.09,0.01,0.04,0.2412,0.2696,0.1059,0.0369,0.1118,0.1649,0.0334,0.0235,0.0671,0.1429,0.0077,0.012
173,0.0858,0.2397,0.0,0.0,0.0,1.0,0.0,0.0,0.09,0.15,0.03,0.0,0.2131,0.3123,0.0247,0.0049,0.1728,0.2749,0.0058,0.0024,0.1525,0.1504,0.0009,0.0009
174,0.3176,0.558,0.1556,0.0648,0.0,0.0,0.0,0.0,0.22,0.3,0.07,0.01,0.194,0.3344,0.14,0.0784,0.2397,0.3383,0.0754,0.0319,0.1177,0.2597,0.0021,0.0024
175,0.1272,0.2203,0.0029,0.0001,0.0,0.0,0.0,0.0,0.26,0.27,0.0,0.01,0.2485,0.2997,0.0646,0.0162,0.2877,0.2841,0.0159,0.0025,0.1252,0.2208,0.0061,0.0016
176,0.2975,0.5411,0.0881,0.1519,0.0,1.0,0.0,0.0,0.37,0.45,0.0412,0.09,0.2154,0.3166,0.1116,0.0386,0.2456,0.3681,0.0241,0.0478,0.1176,0.4714,0.006,0.0083
177,0.2282,0.2091,0.0126,0.0082,1.0,1.0,0.0,0.0,0.55,0.47,0.06,0.0,0.2202,0.3439,0.0619,0.0229,0.1715,0.2133,0.0242,0.0094,0.4387,0.2738,0.0546,0.0324
178,0.0839,0.1606,0.0034,0.0002,1.0,0.0,0.0,0.0,0.48,0.42,0.05,0.01,0.2394,0.3154,0.0613,0.0074,0.1706,0.1884,0.0089,0.002,0.328,0.2275,0.0145,0.0007
179,0.2587,0.2312,0.038,0.023,1.0,1.0,0.0,0.0,0.52,0.37,0.0,0.02,0.257,0.2824,0.0962,0.0395,0.2559,0.2916,0.0618,0.0251,0.5502,0.3673,0.0348,0.0078
180,0.1537,0.2073,0.0843,0.047,0.0,0.0,0.0,0.0,0.05,0.17,0.05,0.07,0.2606,0.31,0.1328,0.0616,0.176,0.263,0.0976,0.0497,0.125,0.1633,0.0409,0.0367
181,0.1555,0.2081,0.0071,0.0022,0.0,0.0,0.0,0.0,0.28,0.5,0.01,0.0,0.2638,0.2944,0.0561,0.0225,0.2109,0.311,0.0215,0.0106,0.207,0.3238,0.0083,0.0027
182,0.1018,0.2883,0.0007,0.0,0.0,1.0,0.0,0.0,0.28,0.31,0.04,0.04,0.2335,0.3345,0.029,0.0205,0.1868,0.3263,0.0734,0.024,0.2752,0.2647,0.0146,0.0054
183,0.1974,0.3127,0.001,0.0,0.0,0.0,0.0,0.0,0.32,0.2475,0.02,0.0189,0.2286,0.2698,0.0525,0.0172,0.2929,0.3364,0.0822,0.0352,0.4891,0.3603,0.085,0.0224
184,0.2152,0.1851,0.0998,0.1747,0.0,0.0,0.0,0.0,0.21,0.26,0.03,0.09,0.2475,0.3022,0.1105,0.0649,0.1886,0.2001,0.1089,0.0766,0.0958,0.2891,0.0749,0.1325
185,0.086,0.2535,0.0,0.0,1.0,0.0,0.0,0.0,0.27,0.33,0.0,0.01,0.224,0.2897,0.0243,0.0095,0.188,0.3271,0.0135,0.0046,0.2021,0.3691,0.0038,0.002
186,0.2227,0.2883,0.0148,0.0094,0.0,1.0,0.0,0.0,0.07,0.28,0.0,0.0,0.2781,0.3594,0.0779,0.0342,0.2475,0.3807,0.0321,0.01,0.1944,0.2576,0.0175,0.0052
187,0.2444,0.3659,0.0057,0.0019,0.0,0.0,0.0,0.0,0.24,0.32,0.02,0.01,0.2566,0.3887,0.0479,0.0274,0.2023,0.3815,0.0121,0.0051,0.2973,0.3042,0.0261,0.0051
188,0.1262,0.2402,0.0024,0.0018,0.0,0.0,0.0,0.0,0.09,0.13,0.0,0.0,0.2763,0.361,0.0433,0.0244,0.1631,0.3238,0.0107,0.0038,0.2036,0.2349,0.0014,0.0022
189,0.1734,0.1618,0.0488,0.0402,0.0,0.0,0.0,0.0,0.12,0.1,0.0,0.01,0.259,0.2723,0.1209,0.0604,0.2266,0.2406,0.0925,0.0472,0.1724,0.1532,0.0539,0.0194
190,0.351,0.5585,0.1983,0.189,0.0,0.0,0.0,0.0,0.14,0.2,0.0233,0.04,0.2074,0.313,0.1634,0.0629,0.277,0.3396,0.0655,0.0543,0.141,0.3456,0.0228,0.0299
191,0.0898,0.1773,0.0033,0.0003,1.0,1.0,0.0,0.0,0.52,0.47,0.04,0.0,0.243,0.3319,0.0583,0.0111,0.1838,0.2114,0.0102,0.0023,0.4876,0.3714,0.0144,0.0008
192,0.1622,0.2207,0.019,0.0138,0.0,0.0,0.0,0.0,0.18,0.2,0.0,0.0,0.2705,0.313,0.0779,0.0393,0.2047,0.2956,0.0384,0.029,0.0925,0.3527,0.0069,0.0099
193,0.3511,0.5042,0.0013,0.0,0.0,1.0,0.0,1.0,0.29,0.33,0.04,0.06,0.2176,0.3299,0.0315,0.0353,0.3206,0.4429,0.0521,0.0255,0.2877,0.4561,0.0121,0.0037
194,0.1113,0.1531,0.0286,0.0284,0.0,0.0,0.0,0.0,0.1,0.24,0.01,0.0,0.2639,0.3292,0.0854,0.048,0.1663,0.2558,0.0643,0.0295,0.1147,0.2506,0.035,0.0117
195,0.3289,0.4732,0.4505,0.2793,1.0,1.0,1.0,0.0,0.32,0.27,0.1,0.08,0.1788,0.3343,0.122,0.0614,0.1781,0.2453,0.1243,0.0418,0.2441,0.1837,0.033,0.0429
196,0.1861,0.2799,0.024,0.0068,1.0,0.0,0.0,0.0,0.52,0.44,0.0,0.0,0.2246,0.307,0.0792,0.0154,0.1803,0.2864,0.0207,0.0093,0.4359,0.2799,0.0169,0.0044
197,0.2992,0.3366,0.0489,0.0178,1.0,1.0,0.0,0.0,0.5,0.53,0.12,0.0,0.2744,0.3219,0.1478,0.0633,0.2926,0.3742,0.067,0.0247,0.2285,0.5385,0.0504,0.0224
198,0.0745,0.1916,0.0222,0.0135,0.0,1.0,0.0,0.0,0.1,0.7833,0.07,0.05,0.2696,0.3363,0.0769,0.0392,0.1076,0.2472,0.0394,0.029,0.2437,0.4203,0.0872,0.1059
199,0.1153,0.1966,0.0104,0.0008,0.0,1.0,0.0,0.0,0.17,0.42,0.02,0.0,0.2624,0.288,0.0361,0.0342,0.2525,0.2798,0.0251,0.006,0.0833,0.2145,0.0025,0.0015
200,0.0829,0.1341,0.0104,0.0077,0.0,0.0,0.0,0.0,0.13,0.21,0.08,0.01,0.2553,0.2556,0.0919,0.0397,0.1548,0.2188,0.0369,0.0359,0.191,0.1783,0.0246,0.0173
201,0.1706,0.1837,0.0832,0.0323,0.0,0.0,0.0,0.0,0.1,0.22,0.05,0.02,0.2541,0.2966,0.185,0.0821,0.192,0.213,0.1257,0.0419,0.134,0.1913,0.0388,0.0127
202,0.3148,0.2917,0.0049,0.0012,0.0,0.0,0.0,0.0,0.29,0.15,0.01,0.0,0.2423,0.3453,0.0365,0.0245,0.278,0.3593,0.0164,0.0043,0.1278,0.2642,0.0023,0.0013
203,0.199,0.1871,0.03,0.0273,0.0,0.0,0.0,0.0,0.32,0.19,0.01,0.0,0.2604,0.3074,0.112,0.0484,0.2297,0.2754,0.049,0.0275,0.1175,0.1763,0.0373,0.0063
204,0.1173,0.1605,0.0014,0.0003,0.0,0.0,1.0,0.0,0.12,0.18,0.02,0.02,0.2493,0.3091,0.0679,0.015,0.181,0.2251,0.0082,0.0017,0.1755,0.202,0.0189,0.0076
205,0.2868,0.2784,0.185,0.1023,0.0,1.0,0.0,0.0,0.16,0.32,0.11,0.03,0.2299,0.3289,0.0938,0.0943,0.2029,0.2605,0.1745,0.0795,0.0731,0.0663,0.0901,0.0179
206,0.2214,0.3437,0.0081,0.0013,0.0,1.0,0.0,0.0,0.195,0.34,0.01,0.0,0.2853,0.3615,0.0617,0.0449,0.2802,0.4079,0.02,0.0054,0.1463,0.1836,0.0054,0.0028
207,0.2291,0.2904,0.2497,0.3485,1.0,1.0,1.0,0.0,0.25,0.48,0.12,0.09,0.2186,0.3075,0.0892,0.0602,0.1611,0.2127,0.1221,0.0864,0.0811,0.7451,0.1326,0.1125
208,0.2823,0.287,0.1005,0.019,1.0,0.0,0.0,0.0,0.5,0.33,0.08,0.01,0.2528,0.2767,0.1492,0.0613,0.2676,0.3048,0.0853,0.049,0.4482,0.2978,0.1166,0.0511
209,0.2399,0.3497,0.0395,0.0276,0.0,0.0,0.0,0.0,0.23,0.4243,0.05,0.05,0.2886,0.2986,0.1355,0.0737,0.3471,0.44,0.0745,0.0729,0.0825,0.2906,0.0183,0.0155
210,0.3756,0.366,0.063,0.0014,0.0,0.0,0.0,0.0,0.15,0.27,0.07,0.01,0.2405,0.3008,0.0313,0.0413,0.3702,0.3293,0.0492,0.0088,0.0414,0.0669,0.0223,0.0004
211,0.1375,0.3189,0.0003,0.0,0.0,1.0,0.0,0.0,0.2,0.47,0.01,0.0,0.1992,0.3189,0.024,0.0096,0.1623,0.2865,0.0293,0.0071,0.2186,0.3633,0.0095,0.007
212,0.1649,0.1766,0.0865,0.127,0.0,0.0,0.0,0.0,0.165,0.17,0.01,0.06,0.2633,0.3208,0.114,0.0835,0.1784,0.2462,0.1025,0.0537,0.2123,0.1846,0.0654,0.0538
213,0.1173,0.2243,0.018,0.0157,0.0,0.0,0.0,0.0,0.12,0.15,0.03,0.05,0.2301,0.294,0.0836,0.0275,0.1615,0.2759,0.0289,0.0261,0.1302,0.2443,0.0278,0.0211
214,0.2329,0.2153,0.0351,0.0454,0.0,0.0,0.0,0.0,0.16,0.18,0.02,0.04,0.2549,0.2955,0.1006,0.044,0.2206,0.2466,0.0459,0.0338,0.1225,0.3529,0.0068,0.0075
215,0.4312,0.4026,0.1983,0.0949,1.0,0.0,1.0,0.0,0.59,0.5,0.11,0.05,0.2755,0.3011,0.1645,0.1007,0.3831,0.4151,0.1835,0.1235,0.7528,0.6587,0.2197,0.031
216,0.1454,0.1965,0.0734,0.0306,0.0,0.0,1.0,0.0,0.05,0.2,0.06,0.05,0.2591,0.3298,0.1392,0.0612,0.1794,0.2461,0.1318,0.0471,0.0965,0.2562,0.1435,0.0577
217,0.1021,0.1278,0.015,0.0031,0.0,0.0,0.0,1.0,0.24,0.26,0.05,0.05,0.2287,0.2764,0.1185,0.0169,0.1302,0.1389,0.03,0.0085,0.1447,0.152,0.1237,0.0249
218,0.1304,0.1756,0.0575,0.0043,0.0,0.0,0.0,0.0,0.17,0.1967,0.07,0.01,0.2563,0.2716,0.0954,0.0524,0.2846,0.2461,0.1145,0.02,0.0585,0.1533,0.0465,0.0062
219,0.1045,0.1714,0.0365,0.0009,0.0,0.0,1.0,0.0,0.18,0.27,0.09,0.02,0.2454,0.2884,0.1144,0.0382,0.2153,0.1894,0.0849,0.0082,0.1569,0.1625,0.0266,0.0017
220,0.786,0.7745,0.6992,0.2478,0.0,1.0,0.0,0.0,0.41,0.55,0.26,0.31,0.2009,0.3095,0.1579,0.1054,0.4847,0.467,0.1477,0.0497,0.4897,0.7538,0.2484,0.1503
